[
  {
    "id": "/subscriptions/e5ece68c-5ab6-4e37-9c7f-098de4d8af8c/resourceGroups/AtlasSAP/providers/Microsoft.Resources/deployments/Microsoft_Azure_DMS_66b804a453084a32a325df59a74a32b3/operations/FAC9BA8590A1007D",
    "operationId": "FAC9BA8590A1007D",
    "properties": {
      "provisioningOperation": "Create",
      "provisioningState": "Running",
      "timestamp": "2025-08-07T13:04:53.6324621Z",
      "duration": "PT2.6670232S",
      "trackingId": "a543f322-c5d4-46bc-bbe2-4f9b80bc725d",
      "statusCode": "Created",
      "targetResource": {
        "id": "/subscriptions/e5ece68c-5ab6-4e37-9c7f-098de4d8af8c/resourceGroups/AtlasSAP/providers/Microsoft.DataMigration/sqlmigrationservices/AtlasSAPMigration",
        "resourceType": "Microsoft.DataMigration/sqlmigrationservices",
        "resourceName": "AtlasSAPMigration"
      }
    }
  }
]