{
  "id": "/subscriptions/e5ece68c-5ab6-4e37-9c7f-098de4d8af8c/resourceGroups/AtlasSAP/providers/Microsoft.Resources/deployments/Microsoft_Azure_DMS_66b804a453084a32a325df59a74a32b3",
  "name": "Microsoft_Azure_DMS_66b804a453084a32a325df59a74a32b3",
  "type": "Microsoft.Resources/deployments",
  "properties": {
    "templateHash": "2393365727760245738",
    "parameters": {
      "location": {
        "type": "String",
        "value": "westus2"
      },
      "name": {
        "type": "String",
        "value": "AtlasSAPMigration"
      },
      "tags": {
        "type": "Object",
        "value": {
          "Build by": "",
          "Build date": "",
          "Function": "AtlasSAP Migration",
          "Environment": "Dev"
        }
      }
    },
    "mode": "Incremental",
    "debugSetting": {
      "detailLevel": "None"
    },
    "provisioningState": "Running",
    "timestamp": "2025-08-07T13:04:50.8185594Z",
    "duration": "PT1.4542935S",
    "correlationId": "5ac90730-cf86-48ee-902d-c7a40fa0fc85",
    "providers": [
      {
        "namespace": "Microsoft.DataMigration",
        "resourceTypes": [
          {
            "resourceType": "sqlmigrationservices",
            "locations": [
              "westus2"
            ]
          }
        ]
      }
    ],
    "dependencies": [],
    "validationLevel": "Template"
  },
  "tags": {
    "primaryResourceId": "/subscriptions/e5ece68c-5ab6-4e37-9c7f-098de4d8af8c/resourcegroups/AtlasSAP/providers/Microsoft.DataMigration/sqlmigrationservices/AtlasSAPMigration",
    "marketplaceItemId": "Microsoft.AzureDMS"
  }
}